,Character_Count,Word_Count
Min,56.0,8.0
Max,115.0,20.0
Mean,80.10066518847006,12.368736141906874
Median,80.0,12.0
Std,7.211906544725358,1.5311106207716216
